channel,missing_fraction
0,0.9952688
1,0.9950604
2,0.99506164
