{
  "feature_mean": [
    35.318904876708984,
    -0.44482386112213135,
    -0.5316123366355896,
    -0.6298912167549133,
    0.13312356173992157
  ],
  "feature_std": [
    21.516023635864258,
    0.4856875538825989,
    0.5325667858123779,
    0.603002667427063,
    0.47106653451919556
  ],
  "target_mean": 36.42096710205078,
  "target_std": 20.63409423828125
}